{
  "cache_hits": 0,
  "cache_misses": 10,
  "model_calls": 10,
  "total_time": 231.6898810863495,
  "model_time": 74.1874258518219
}